name,surname,age
Kerrin,Hoban,39
Kore,Buffum,41
Sabina,Carvey,11
Maisey,Cookie,69
Zondra,Dreda,16
Genovera,Fleeta,70
Kaia,Codding,31
Sallie,Engdahl,59
Asia,Yorick,46
Glenda,Fiester,57
Steffane,Seagraves,14
Esmeralda,Hartnett,13
Talya,Koziara,34
Verla,Monaco,55
Charlena,Cristi,67
Catharine,Willie,32
Annabela,Cath,68
Ardeen,Mallon,39
Mara,Johnsson,26
Ebonee,Sheng,37
Viviene,Aaberg,22
Rubie,Carolin,22
Christy,Dowski,35
Marti,Arathorn,59
Emelina,Auberbach,9
Alia,Burkle,10
Maisey,Codding,13
Georgetta,Maryanne,62
Eolanda,Si,57
Kirbee,Glovsky,58
Cherrita,Sadowski,35
Carly,Gamaliel,22
Henriette,Romelda,51
Lila,Dominy,71
Siana,Madelene,39
Sophia,Bennie,56
Wileen,Fax,20
Belva,Rona,14
Edyth,Lory,28
Dorene,Orelee,41
Dode,Cressida,30
Brana,Wu,4
Dale,Noam,46
Coral,Redmond,39
Claudina,Koziara,4
Liana,Havens,15
Lenna,Lacombe,48
Halette,Travax,78
Karina,Mintz,48
Rubie,Bethany,7
Brietta,Bearnard,69
Gusella,Ilka,32
Althea,Shaddock,20
Corry,Herrera,33
Kassey,Eugenia,76
Mathilda,Abram,33
Heida,Sandye,3
Hettie,Engdahl,11
Misha,Noelyn,28
Dorothy,Lorain,43
Gertrud,Kenwood,54
Kate,Slifka,4
Netty,Tamar,30
Jolyn,Charmine,57
Tybie,Schalles,40
Constance,Tillford,28
Carree,Gwenore,34
Nelle,Neils,77
Ingrid,Karl,68
Sam,Yusuk,47
Bernardine,Giff,31
Noelle,Munn,67
Asia,Andrel,71
Florencia,Roarke,37
Fina,Adamsen,8
Candy,Tufts,5
Brandise,Dannye,4
Emmey,Drisko,77
Abbie,Pearse,16
Belinda,Ball,36
Micheline,Euridice,13
Judy,Uund,53
Shaine,Faria,12
Isa,Old,63
Linzy,Saint,70
Ursulina,Garek,12
Gilligan,Odell,59
Clarice,Solitta,15
Tera,Sasnett,77
Renae,Maisey,70
Carolina,Merriott,11
Bobinette,Redmond,79
Alisha,Rozanna,13
Rosene,Rustice,39
Brooks,Atcliffe,10
Alexine,Trinetta,43
Ira,Kalinda,29
Dagmar,Edison,37
Shannah,Chobot,59
Hannis,Nikaniki,11
Ana, Mere, 32